host,replicate_id,tissue,treatment_raw,isolate,concentration,score,is_mixture_treatment,source_file,environment,n_components,is_mixture_clean,mixture_unknown,isolate_1,isolate_2,isolate_3,ratio_1,ratio_2,ratio_3,mixture_label,isolate_clean
SH1002,,,JG16081,JG16081,1000000,1.33,False,SH1002_mixture.xlsx,lab,1,False,False,JG16081,,,1.0,,,,JG16081
SH1002,,,JG16081,JG16081,1000000,2.0,False,SH1002_mixture.xlsx,lab,1,False,False,JG16081,,,1.0,,,,JG16081
SH1002,,,JG16081,JG16081,1000000,1.0,False,SH1002_mixture.xlsx,lab,1,False,False,JG16081,,,1.0,,,,JG16081
SH1002,,,JG16081,JG16081,1000000,1.0,False,SH1002_mixture.xlsx,lab,1,False,False,JG16081,,,1.0,,,,JG16081
SH1002,,,JG16081,JG16081,1000000,1.0,False,SH1002_mixture.xlsx,lab,1,False,False,JG16081,,,1.0,,,,JG16081
SH1002,,,JG16081,JG16081,1000000,1.33,False,SH1002_mixture.xlsx,lab,1,False,False,JG16081,,,1.0,,,,JG16081
SH1002,,,JG16081,JG16081,1000000,1.0,False,SH1002_mixture.xlsx,lab,1,False,False,JG16081,,,1.0,,,,JG16081
SH1002,,,JG16081,JG16081,1000000,1.0,False,SH1002_mixture.xlsx,lab,1,False,False,JG16081,,,1.0,,,,JG16081
SH1002,,,JG16081,JG16081,1000000,1.0,False,SH1002_mixture.xlsx,lab,1,False,False,JG16081,,,1.0,,,,JG16081
SH1002,,,FSP35,FSP35,1000000,1.67,False,SH1002_mixture.xlsx,lab,1,False,False,FSP35,,,1.0,,,,FSP35
SH1002,,,FSP35,FSP35,1000000,1.67,False,SH1002_mixture.xlsx,lab,1,False,False,FSP35,,,1.0,,,,FSP35
SH1002,,,FSP35,FSP35,1000000,2.33,False,SH1002_mixture.xlsx,lab,1,False,False,FSP35,,,1.0,,,,FSP35
SH1002,,,FSP35,FSP35,1000000,2.67,False,SH1002_mixture.xlsx,lab,1,False,False,FSP35,,,1.0,,,,FSP35
SH1002,,,FSP35,FSP35,1000000,2.0,False,SH1002_mixture.xlsx,lab,1,False,False,FSP35,,,1.0,,,,FSP35
SH1002,,,FSP35,FSP35,1000000,1.67,False,SH1002_mixture.xlsx,lab,1,False,False,FSP35,,,1.0,,,,FSP35
SH1002,,,FSP35,FSP35,1000000,3.33,False,SH1002_mixture.xlsx,lab,1,False,False,FSP35,,,1.0,,,,FSP35
SH1002,,,FSP35,FSP35,1000000,3.67,False,SH1002_mixture.xlsx,lab,1,False,False,FSP35,,,1.0,,,,FSP35
SH1002,,,FSP35,FSP35,1000000,3.33,False,SH1002_mixture.xlsx,lab,1,False,False,FSP35,,,1.0,,,,FSP35
SH1002,,,FSP53,FSP53,1000000,1.67,False,SH1002_mixture.xlsx,lab,1,False,False,FSP53,,,1.0,,,,FSP53
SH1002,,,FSP53,FSP53,1000000,1.33,False,SH1002_mixture.xlsx,lab,1,False,False,FSP53,,,1.0,,,,FSP53
SH1002,,,FSP53,FSP53,1000000,1.67,False,SH1002_mixture.xlsx,lab,1,False,False,FSP53,,,1.0,,,,FSP53
SH1002,,,FSP53,FSP53,1000000,1.67,False,SH1002_mixture.xlsx,lab,1,False,False,FSP53,,,1.0,,,,FSP53
SH1002,,,FSP53,FSP53,1000000,1.67,False,SH1002_mixture.xlsx,lab,1,False,False,FSP53,,,1.0,,,,FSP53
SH1002,,,FSP53,FSP53,1000000,1.67,False,SH1002_mixture.xlsx,lab,1,False,False,FSP53,,,1.0,,,,FSP53
SH1002,,,FSP53,FSP53,1000000,2.33,False,SH1002_mixture.xlsx,lab,1,False,False,FSP53,,,1.0,,,,FSP53
SH1002,,,FSP53,FSP53,1000000,2.33,False,SH1002_mixture.xlsx,lab,1,False,False,FSP53,,,1.0,,,,FSP53
SH1002,,,FSP53,FSP53,1000000,1.67,False,SH1002_mixture.xlsx,lab,1,False,False,FSP53,,,1.0,,,,FSP53
SH1002,,,JG16081 and FSP35,FSP35,1000000,1.67,True,SH1002_mixture.xlsx,lab,2,True,False,JG16081,FSP35,,1.0,1.0,,JG16081+FSP35,
SH1002,,,JG16081 and FSP35,FSP35,1000000,3.0,True,SH1002_mixture.xlsx,lab,2,True,False,JG16081,FSP35,,1.0,1.0,,JG16081+FSP35,
SH1002,,,JG16081 and FSP35,FSP35,1000000,2.33,True,SH1002_mixture.xlsx,lab,2,True,False,JG16081,FSP35,,1.0,1.0,,JG16081+FSP35,
SH1002,,,JG16081 and FSP35,FSP35,1000000,2.0,True,SH1002_mixture.xlsx,lab,2,True,False,JG16081,FSP35,,1.0,1.0,,JG16081+FSP35,
SH1002,,,JG16081 and FSP35,FSP35,1000000,2.67,True,SH1002_mixture.xlsx,lab,2,True,False,JG16081,FSP35,,1.0,1.0,,JG16081+FSP35,
SH1002,,,JG16081 and FSP35,FSP35,1000000,1.67,True,SH1002_mixture.xlsx,lab,2,True,False,JG16081,FSP35,,1.0,1.0,,JG16081+FSP35,
SH1002,,,JG16081 and FSP35,FSP35,1000000,1.0,True,SH1002_mixture.xlsx,lab,2,True,False,JG16081,FSP35,,1.0,1.0,,JG16081+FSP35,
SH1002,,,JG16081 and FSP35,FSP35,1000000,1.33,True,SH1002_mixture.xlsx,lab,2,True,False,JG16081,FSP35,,1.0,1.0,,JG16081+FSP35,
SH1002,,,JG16081 and FSP35,FSP35,1000000,2.0,True,SH1002_mixture.xlsx,lab,2,True,False,JG16081,FSP35,,1.0,1.0,,JG16081+FSP35,
SH1002,,,FSP35 and FSP53,FSP35,1000000,1.33,True,SH1002_mixture.xlsx,lab,2,True,False,FSP35,FSP53,,1.0,1.0,,FSP35+FSP53,
SH1002,,,FSP35 and FSP53,FSP35,1000000,2.33,True,SH1002_mixture.xlsx,lab,2,True,False,FSP35,FSP53,,1.0,1.0,,FSP35+FSP53,
SH1002,,,FSP35 and FSP53,FSP35,1000000,1.33,True,SH1002_mixture.xlsx,lab,2,True,False,FSP35,FSP53,,1.0,1.0,,FSP35+FSP53,
SH1002,,,FSP35 and FSP53,FSP35,1000000,1.67,True,SH1002_mixture.xlsx,lab,2,True,False,FSP35,FSP53,,1.0,1.0,,FSP35+FSP53,
SH1002,,,FSP35 and FSP53,FSP35,1000000,2.0,True,SH1002_mixture.xlsx,lab,2,True,False,FSP35,FSP53,,1.0,1.0,,FSP35+FSP53,
SH1002,,,FSP35 and FSP53,FSP35,1000000,2.33,True,SH1002_mixture.xlsx,lab,2,True,False,FSP35,FSP53,,1.0,1.0,,FSP35+FSP53,
SH1002,,,FSP35 and FSP53,FSP35,1000000,1.67,True,SH1002_mixture.xlsx,lab,2,True,False,FSP35,FSP53,,1.0,1.0,,FSP35+FSP53,
SH1002,,,FSP35 and FSP53,FSP35,1000000,2.0,True,SH1002_mixture.xlsx,lab,2,True,False,FSP35,FSP53,,1.0,1.0,,FSP35+FSP53,
SH1002,,,FSP35 and FSP53,FSP35,1000000,1.67,True,SH1002_mixture.xlsx,lab,2,True,False,FSP35,FSP53,,1.0,1.0,,FSP35+FSP53,
SH1002,,,JG16081 and FSP53,FSP53,1000000,1.33,True,SH1002_mixture.xlsx,lab,2,True,False,JG16081,FSP53,,1.0,1.0,,JG16081+FSP53,
SH1002,,,JG16081 and FSP53,FSP53,1000000,2.33,True,SH1002_mixture.xlsx,lab,2,True,False,JG16081,FSP53,,1.0,1.0,,JG16081+FSP53,
SH1002,,,JG16081 and FSP53,FSP53,1000000,1.33,True,SH1002_mixture.xlsx,lab,2,True,False,JG16081,FSP53,,1.0,1.0,,JG16081+FSP53,
SH1002,,,JG16081 and FSP53,FSP53,1000000,1.67,True,SH1002_mixture.xlsx,lab,2,True,False,JG16081,FSP53,,1.0,1.0,,JG16081+FSP53,
SH1002,,,JG16081 and FSP53,FSP53,1000000,2.0,True,SH1002_mixture.xlsx,lab,2,True,False,JG16081,FSP53,,1.0,1.0,,JG16081+FSP53,
SH1002,,,JG16081 and FSP53,FSP53,1000000,2.33,True,SH1002_mixture.xlsx,lab,2,True,False,JG16081,FSP53,,1.0,1.0,,JG16081+FSP53,
SH1002,,,JG16081 and FSP53,FSP53,1000000,1.67,True,SH1002_mixture.xlsx,lab,2,True,False,JG16081,FSP53,,1.0,1.0,,JG16081+FSP53,
SH1002,,,JG16081 and FSP53,FSP53,1000000,2.0,True,SH1002_mixture.xlsx,lab,2,True,False,JG16081,FSP53,,1.0,1.0,,JG16081+FSP53,
SH1002,,,JG16081 and FSP53,FSP53,1000000,1.67,True,SH1002_mixture.xlsx,lab,2,True,False,JG16081,FSP53,,1.0,1.0,,JG16081+FSP53,
SH1002,rep_1,,JG16081,JG16081,1000000,1.33,False,SH1002_mixture2.xlsx,lab,1,False,False,JG16081,,,1.0,,,,JG16081
SH1002,rep_1,,FSP35,FSP35,1000000,1.67,False,SH1002_mixture2.xlsx,lab,1,False,False,FSP35,,,1.0,,,,FSP35
SH1002,rep_1,,FSP53,FSP53,1000000,1.67,False,SH1002_mixture2.xlsx,lab,1,False,False,FSP53,,,1.0,,,,FSP53
SH1002,rep_1,,JG16081 and FSP35,FSP35,1000000,1.67,True,SH1002_mixture2.xlsx,lab,2,True,False,JG16081,FSP35,,1.0,1.0,,JG16081+FSP35,
SH1002,rep_1,,FSP35 and FSP53,FSP35,1000000,1.33,True,SH1002_mixture2.xlsx,lab,2,True,False,FSP35,FSP53,,1.0,1.0,,FSP35+FSP53,
SH1002,rep_2,,JG16081,JG16081,1000000,2.0,False,SH1002_mixture2.xlsx,lab,1,False,False,JG16081,,,1.0,,,,JG16081
SH1002,rep_2,,FSP35,FSP35,1000000,1.67,False,SH1002_mixture2.xlsx,lab,1,False,False,FSP35,,,1.0,,,,FSP35
SH1002,rep_2,,FSP53,FSP53,1000000,1.33,False,SH1002_mixture2.xlsx,lab,1,False,False,FSP53,,,1.0,,,,FSP53
SH1002,rep_2,,JG16081 and FSP35,FSP35,1000000,3.0,True,SH1002_mixture2.xlsx,lab,2,True,False,JG16081,FSP35,,1.0,1.0,,JG16081+FSP35,
SH1002,rep_2,,FSP35 and FSP53,FSP35,1000000,2.33,True,SH1002_mixture2.xlsx,lab,2,True,False,FSP35,FSP53,,1.0,1.0,,FSP35+FSP53,
SH1002,rep_3,,JG16081,JG16081,1000000,1.0,False,SH1002_mixture2.xlsx,lab,1,False,False,JG16081,,,1.0,,,,JG16081
SH1002,rep_3,,FSP35,FSP35,1000000,2.33,False,SH1002_mixture2.xlsx,lab,1,False,False,FSP35,,,1.0,,,,FSP35
SH1002,rep_3,,FSP53,FSP53,1000000,1.67,False,SH1002_mixture2.xlsx,lab,1,False,False,FSP53,,,1.0,,,,FSP53
SH1002,rep_3,,JG16081 and FSP35,FSP35,1000000,2.33,True,SH1002_mixture2.xlsx,lab,2,True,False,JG16081,FSP35,,1.0,1.0,,JG16081+FSP35,
SH1002,rep_3,,FSP35 and FSP53,FSP35,1000000,1.33,True,SH1002_mixture2.xlsx,lab,2,True,False,FSP35,FSP53,,1.0,1.0,,FSP35+FSP53,
SH1002,rep_4,,JG16081,JG16081,1000000,1.0,False,SH1002_mixture2.xlsx,lab,1,False,False,JG16081,,,1.0,,,,JG16081
SH1002,rep_4,,FSP35,FSP35,1000000,2.67,False,SH1002_mixture2.xlsx,lab,1,False,False,FSP35,,,1.0,,,,FSP35
SH1002,rep_4,,FSP53,FSP53,1000000,1.67,False,SH1002_mixture2.xlsx,lab,1,False,False,FSP53,,,1.0,,,,FSP53
SH1002,rep_4,,JG16081 and FSP35,FSP35,1000000,2.0,True,SH1002_mixture2.xlsx,lab,2,True,False,JG16081,FSP35,,1.0,1.0,,JG16081+FSP35,
SH1002,rep_4,,FSP35 and FSP53,FSP35,1000000,1.67,True,SH1002_mixture2.xlsx,lab,2,True,False,FSP35,FSP53,,1.0,1.0,,FSP35+FSP53,
SH1002,rep_5,,JG16081,JG16081,1000000,1.0,False,SH1002_mixture2.xlsx,lab,1,False,False,JG16081,,,1.0,,,,JG16081
SH1002,rep_5,,FSP35,FSP35,1000000,2.0,False,SH1002_mixture2.xlsx,lab,1,False,False,FSP35,,,1.0,,,,FSP35
SH1002,rep_5,,FSP53,FSP53,1000000,1.67,False,SH1002_mixture2.xlsx,lab,1,False,False,FSP53,,,1.0,,,,FSP53
SH1002,rep_5,,JG16081 and FSP35,FSP35,1000000,2.67,True,SH1002_mixture2.xlsx,lab,2,True,False,JG16081,FSP35,,1.0,1.0,,JG16081+FSP35,
SH1002,rep_5,,FSP35 and FSP53,FSP35,1000000,2.0,True,SH1002_mixture2.xlsx,lab,2,True,False,FSP35,FSP53,,1.0,1.0,,FSP35+FSP53,
SH1002,rep_6,,JG16081,JG16081,1000000,1.33,False,SH1002_mixture2.xlsx,lab,1,False,False,JG16081,,,1.0,,,,JG16081
SH1002,rep_6,,FSP35,FSP35,1000000,1.67,False,SH1002_mixture2.xlsx,lab,1,False,False,FSP35,,,1.0,,,,FSP35
SH1002,rep_6,,FSP53,FSP53,1000000,1.67,False,SH1002_mixture2.xlsx,lab,1,False,False,FSP53,,,1.0,,,,FSP53
SH1002,rep_6,,JG16081 and FSP35,FSP35,1000000,1.67,True,SH1002_mixture2.xlsx,lab,2,True,False,JG16081,FSP35,,1.0,1.0,,JG16081+FSP35,
SH1002,rep_6,,FSP35 and FSP53,FSP35,1000000,2.33,True,SH1002_mixture2.xlsx,lab,2,True,False,FSP35,FSP53,,1.0,1.0,,FSP35+FSP53,
SH1002,rep_7,,JG16081,JG16081,1000000,1.0,False,SH1002_mixture2.xlsx,lab,1,False,False,JG16081,,,1.0,,,,JG16081
SH1002,rep_7,,FSP35,FSP35,1000000,3.33,False,SH1002_mixture2.xlsx,lab,1,False,False,FSP35,,,1.0,,,,FSP35
SH1002,rep_7,,FSP53,FSP53,1000000,2.33,False,SH1002_mixture2.xlsx,lab,1,False,False,FSP53,,,1.0,,,,FSP53
SH1002,rep_7,,JG16081 and FSP35,FSP35,1000000,1.0,True,SH1002_mixture2.xlsx,lab,2,True,False,JG16081,FSP35,,1.0,1.0,,JG16081+FSP35,
SH1002,rep_7,,FSP35 and FSP53,FSP35,1000000,1.67,True,SH1002_mixture2.xlsx,lab,2,True,False,FSP35,FSP53,,1.0,1.0,,FSP35+FSP53,
SH1002,rep_8,,JG16081,JG16081,1000000,1.0,False,SH1002_mixture2.xlsx,lab,1,False,False,JG16081,,,1.0,,,,JG16081
SH1002,rep_8,,FSP35,FSP35,1000000,3.67,False,SH1002_mixture2.xlsx,lab,1,False,False,FSP35,,,1.0,,,,FSP35
SH1002,rep_8,,FSP53,FSP53,1000000,2.33,False,SH1002_mixture2.xlsx,lab,1,False,False,FSP53,,,1.0,,,,FSP53
SH1002,rep_8,,JG16081 and FSP35,FSP35,1000000,1.33,True,SH1002_mixture2.xlsx,lab,2,True,False,JG16081,FSP35,,1.0,1.0,,JG16081+FSP35,
SH1002,rep_8,,FSP35 and FSP53,FSP35,1000000,2.0,True,SH1002_mixture2.xlsx,lab,2,True,False,FSP35,FSP53,,1.0,1.0,,FSP35+FSP53,
SH1002,rep_9,,JG16081,JG16081,1000000,1.0,False,SH1002_mixture2.xlsx,lab,1,False,False,JG16081,,,1.0,,,,JG16081
SH1002,rep_9,,FSP35,FSP35,1000000,3.33,False,SH1002_mixture2.xlsx,lab,1,False,False,FSP35,,,1.0,,,,FSP35
SH1002,rep_9,,FSP53,FSP53,1000000,1.67,False,SH1002_mixture2.xlsx,lab,1,False,False,FSP53,,,1.0,,,,FSP53
SH1002,rep_9,,JG16081 and FSP35,FSP35,1000000,2.0,True,SH1002_mixture2.xlsx,lab,2,True,False,JG16081,FSP35,,1.0,1.0,,JG16081+FSP35,
SH1002,rep_9,,FSP35 and FSP53,FSP35,1000000,1.67,True,SH1002_mixture2.xlsx,lab,2,True,False,FSP35,FSP53,,1.0,1.0,,FSP35+FSP53,
SH1154,,,JG16081,JG16081,1000000,1.0,False,SH1154_mixture.xlsx,lab,1,False,False,JG16081,,,1.0,,,,JG16081
SH1154,,,JG16081,JG16081,1000000,3.67,False,SH1154_mixture.xlsx,lab,1,False,False,JG16081,,,1.0,,,,JG16081
SH1154,,,JG16081,JG16081,1000000,1.33,False,SH1154_mixture.xlsx,lab,1,False,False,JG16081,,,1.0,,,,JG16081
SH1154,,,JG16081,JG16081,1000000,2.33,False,SH1154_mixture.xlsx,lab,1,False,False,JG16081,,,1.0,,,,JG16081
SH1154,,,JG16081,JG16081,1000000,2.0,False,SH1154_mixture.xlsx,lab,1,False,False,JG16081,,,1.0,,,,JG16081
SH1154,,,JG16081,JG16081,1000000,1.33,False,SH1154_mixture.xlsx,lab,1,False,False,JG16081,,,1.0,,,,JG16081
SH1154,,,JG16081,JG16081,1000000,2.33,False,SH1154_mixture.xlsx,lab,1,False,False,JG16081,,,1.0,,,,JG16081
SH1154,,,JG16081,JG16081,1000000,2.33,False,SH1154_mixture.xlsx,lab,1,False,False,JG16081,,,1.0,,,,JG16081
SH1154,,,JG16081,JG16081,1000000,2.0,False,SH1154_mixture.xlsx,lab,1,False,False,JG16081,,,1.0,,,,JG16081
SH1154,,,FSP35,FSP35,1000000,3.0,False,SH1154_mixture.xlsx,lab,1,False,False,FSP35,,,1.0,,,,FSP35
SH1154,,,FSP35,FSP35,1000000,1.67,False,SH1154_mixture.xlsx,lab,1,False,False,FSP35,,,1.0,,,,FSP35
SH1154,,,FSP35,FSP35,1000000,1.67,False,SH1154_mixture.xlsx,lab,1,False,False,FSP35,,,1.0,,,,FSP35
SH1154,,,FSP35,FSP35,1000000,2.0,False,SH1154_mixture.xlsx,lab,1,False,False,FSP35,,,1.0,,,,FSP35
SH1154,,,FSP35,FSP35,1000000,3.0,False,SH1154_mixture.xlsx,lab,1,False,False,FSP35,,,1.0,,,,FSP35
SH1154,,,FSP35,FSP35,1000000,2.0,False,SH1154_mixture.xlsx,lab,1,False,False,FSP35,,,1.0,,,,FSP35
SH1154,,,FSP35,FSP35,1000000,2.0,False,SH1154_mixture.xlsx,lab,1,False,False,FSP35,,,1.0,,,,FSP35
SH1154,,,FSP35,FSP35,1000000,2.67,False,SH1154_mixture.xlsx,lab,1,False,False,FSP35,,,1.0,,,,FSP35
SH1154,,,FSP35,FSP35,1000000,1.33,False,SH1154_mixture.xlsx,lab,1,False,False,FSP35,,,1.0,,,,FSP35
SH1154,,,FSP53,FSP53,1000000,2.67,False,SH1154_mixture.xlsx,lab,1,False,False,FSP53,,,1.0,,,,FSP53
SH1154,,,FSP53,FSP53,1000000,2.0,False,SH1154_mixture.xlsx,lab,1,False,False,FSP53,,,1.0,,,,FSP53
SH1154,,,FSP53,FSP53,1000000,3.0,False,SH1154_mixture.xlsx,lab,1,False,False,FSP53,,,1.0,,,,FSP53
SH1154,,,FSP53,FSP53,1000000,1.67,False,SH1154_mixture.xlsx,lab,1,False,False,FSP53,,,1.0,,,,FSP53
SH1154,,,FSP53,FSP53,1000000,3.0,False,SH1154_mixture.xlsx,lab,1,False,False,FSP53,,,1.0,,,,FSP53
SH1154,,,FSP53,FSP53,1000000,3.0,False,SH1154_mixture.xlsx,lab,1,False,False,FSP53,,,1.0,,,,FSP53
SH1154,,,FSP53,FSP53,1000000,2.0,False,SH1154_mixture.xlsx,lab,1,False,False,FSP53,,,1.0,,,,FSP53
SH1154,,,FSP53,FSP53,1000000,1.67,False,SH1154_mixture.xlsx,lab,1,False,False,FSP53,,,1.0,,,,FSP53
SH1154,,,FSP53,FSP53,1000000,5.0,False,SH1154_mixture.xlsx,lab,1,False,False,FSP53,,,1.0,,,,FSP53
SH1154,,,JG16081 and FSP35,FSP35,1000000,1.33,True,SH1154_mixture.xlsx,lab,2,True,False,JG16081,FSP35,,1.0,1.0,,JG16081+FSP35,
SH1154,,,JG16081 and FSP35,FSP35,1000000,1.33,True,SH1154_mixture.xlsx,lab,2,True,False,JG16081,FSP35,,1.0,1.0,,JG16081+FSP35,
SH1154,,,JG16081 and FSP35,FSP35,1000000,1.33,True,SH1154_mixture.xlsx,lab,2,True,False,JG16081,FSP35,,1.0,1.0,,JG16081+FSP35,
SH1154,,,JG16081 and FSP35,FSP35,1000000,1.33,True,SH1154_mixture.xlsx,lab,2,True,False,JG16081,FSP35,,1.0,1.0,,JG16081+FSP35,
SH1154,,,JG16081 and FSP35,FSP35,1000000,1.67,True,SH1154_mixture.xlsx,lab,2,True,False,JG16081,FSP35,,1.0,1.0,,JG16081+FSP35,
SH1154,,,JG16081 and FSP35,FSP35,1000000,2.33,True,SH1154_mixture.xlsx,lab,2,True,False,JG16081,FSP35,,1.0,1.0,,JG16081+FSP35,
SH1154,,,JG16081 and FSP35,FSP35,1000000,3.0,True,SH1154_mixture.xlsx,lab,2,True,False,JG16081,FSP35,,1.0,1.0,,JG16081+FSP35,
SH1154,,,JG16081 and FSP35,FSP35,1000000,2.33,True,SH1154_mixture.xlsx,lab,2,True,False,JG16081,FSP35,,1.0,1.0,,JG16081+FSP35,
SH1154,,,JG16081 and FSP35,FSP35,1000000,1.67,True,SH1154_mixture.xlsx,lab,2,True,False,JG16081,FSP35,,1.0,1.0,,JG16081+FSP35,
SH1154,,,FSP35 and FSP53,FSP35,1000000,1.33,True,SH1154_mixture.xlsx,lab,2,True,False,FSP35,FSP53,,1.0,1.0,,FSP35+FSP53,
SH1154,,,FSP35 and FSP53,FSP35,1000000,2.0,True,SH1154_mixture.xlsx,lab,2,True,False,FSP35,FSP53,,1.0,1.0,,FSP35+FSP53,
SH1154,,,FSP35 and FSP53,FSP35,1000000,1.33,True,SH1154_mixture.xlsx,lab,2,True,False,FSP35,FSP53,,1.0,1.0,,FSP35+FSP53,
SH1154,,,FSP35 and FSP53,FSP35,1000000,1.33,True,SH1154_mixture.xlsx,lab,2,True,False,FSP35,FSP53,,1.0,1.0,,FSP35+FSP53,
SH1154,,,FSP35 and FSP53,FSP35,1000000,2.0,True,SH1154_mixture.xlsx,lab,2,True,False,FSP35,FSP53,,1.0,1.0,,FSP35+FSP53,
SH1154,,,FSP35 and FSP53,FSP35,1000000,4.0,True,SH1154_mixture.xlsx,lab,2,True,False,FSP35,FSP53,,1.0,1.0,,FSP35+FSP53,
SH1154,,,FSP35 and FSP53,FSP35,1000000,2.33,True,SH1154_mixture.xlsx,lab,2,True,False,FSP35,FSP53,,1.0,1.0,,FSP35+FSP53,
SH1154,,,FSP35 and FSP53,FSP35,1000000,2.0,True,SH1154_mixture.xlsx,lab,2,True,False,FSP35,FSP53,,1.0,1.0,,FSP35+FSP53,
SH1154,,,FSP35 and FSP53,FSP35,1000000,2.33,True,SH1154_mixture.xlsx,lab,2,True,False,FSP35,FSP53,,1.0,1.0,,FSP35+FSP53,
SH1154,rep_1,,JG16081,JG16081,1000000,1.0,False,SH1154_mixture2.xlsx,lab,1,False,False,JG16081,,,1.0,,,,JG16081
SH1154,rep_1,,FSP35,FSP35,1000000,3.0,False,SH1154_mixture2.xlsx,lab,1,False,False,FSP35,,,1.0,,,,FSP35
SH1154,rep_1,,FSP53,FSP53,1000000,2.67,False,SH1154_mixture2.xlsx,lab,1,False,False,FSP53,,,1.0,,,,FSP53
SH1154,rep_1,,JG16081 and FSP35,FSP35,1000000,1.33,True,SH1154_mixture2.xlsx,lab,2,True,False,JG16081,FSP35,,1.0,1.0,,JG16081+FSP35,
SH1154,rep_1,,FSP35 and FSP53,FSP35,1000000,1.33,True,SH1154_mixture2.xlsx,lab,2,True,False,FSP35,FSP53,,1.0,1.0,,FSP35+FSP53,
SH1154,rep_2,,JG16081,JG16081,1000000,3.67,False,SH1154_mixture2.xlsx,lab,1,False,False,JG16081,,,1.0,,,,JG16081
SH1154,rep_2,,FSP35,FSP35,1000000,1.67,False,SH1154_mixture2.xlsx,lab,1,False,False,FSP35,,,1.0,,,,FSP35
SH1154,rep_2,,FSP53,FSP53,1000000,2.0,False,SH1154_mixture2.xlsx,lab,1,False,False,FSP53,,,1.0,,,,FSP53
SH1154,rep_2,,JG16081 and FSP35,FSP35,1000000,1.33,True,SH1154_mixture2.xlsx,lab,2,True,False,JG16081,FSP35,,1.0,1.0,,JG16081+FSP35,
SH1154,rep_2,,FSP35 and FSP53,FSP35,1000000,2.0,True,SH1154_mixture2.xlsx,lab,2,True,False,FSP35,FSP53,,1.0,1.0,,FSP35+FSP53,
SH1154,rep_3,,JG16081,JG16081,1000000,1.33,False,SH1154_mixture2.xlsx,lab,1,False,False,JG16081,,,1.0,,,,JG16081
SH1154,rep_3,,FSP35,FSP35,1000000,1.67,False,SH1154_mixture2.xlsx,lab,1,False,False,FSP35,,,1.0,,,,FSP35
SH1154,rep_3,,FSP53,FSP53,1000000,3.0,False,SH1154_mixture2.xlsx,lab,1,False,False,FSP53,,,1.0,,,,FSP53
SH1154,rep_3,,JG16081 and FSP35,FSP35,1000000,1.33,True,SH1154_mixture2.xlsx,lab,2,True,False,JG16081,FSP35,,1.0,1.0,,JG16081+FSP35,
SH1154,rep_3,,FSP35 and FSP53,FSP35,1000000,1.33,True,SH1154_mixture2.xlsx,lab,2,True,False,FSP35,FSP53,,1.0,1.0,,FSP35+FSP53,
SH1154,rep_4,,JG16081,JG16081,1000000,2.33,False,SH1154_mixture2.xlsx,lab,1,False,False,JG16081,,,1.0,,,,JG16081
SH1154,rep_4,,FSP35,FSP35,1000000,2.0,False,SH1154_mixture2.xlsx,lab,1,False,False,FSP35,,,1.0,,,,FSP35
SH1154,rep_4,,FSP53,FSP53,1000000,1.67,False,SH1154_mixture2.xlsx,lab,1,False,False,FSP53,,,1.0,,,,FSP53
SH1154,rep_4,,JG16081 and FSP35,FSP35,1000000,1.33,True,SH1154_mixture2.xlsx,lab,2,True,False,JG16081,FSP35,,1.0,1.0,,JG16081+FSP35,
SH1154,rep_4,,FSP35 and FSP53,FSP35,1000000,1.33,True,SH1154_mixture2.xlsx,lab,2,True,False,FSP35,FSP53,,1.0,1.0,,FSP35+FSP53,
SH1154,rep_5,,JG16081,JG16081,1000000,2.0,False,SH1154_mixture2.xlsx,lab,1,False,False,JG16081,,,1.0,,,,JG16081
SH1154,rep_5,,FSP35,FSP35,1000000,3.0,False,SH1154_mixture2.xlsx,lab,1,False,False,FSP35,,,1.0,,,,FSP35
SH1154,rep_5,,FSP53,FSP53,1000000,3.0,False,SH1154_mixture2.xlsx,lab,1,False,False,FSP53,,,1.0,,,,FSP53
SH1154,rep_5,,JG16081 and FSP35,FSP35,1000000,1.67,True,SH1154_mixture2.xlsx,lab,2,True,False,JG16081,FSP35,,1.0,1.0,,JG16081+FSP35,
SH1154,rep_5,,FSP35 and FSP53,FSP35,1000000,2.0,True,SH1154_mixture2.xlsx,lab,2,True,False,FSP35,FSP53,,1.0,1.0,,FSP35+FSP53,
SH1154,rep_6,,JG16081,JG16081,1000000,1.33,False,SH1154_mixture2.xlsx,lab,1,False,False,JG16081,,,1.0,,,,JG16081
SH1154,rep_6,,FSP35,FSP35,1000000,2.0,False,SH1154_mixture2.xlsx,lab,1,False,False,FSP35,,,1.0,,,,FSP35
SH1154,rep_6,,FSP53,FSP53,1000000,3.0,False,SH1154_mixture2.xlsx,lab,1,False,False,FSP53,,,1.0,,,,FSP53
SH1154,rep_6,,JG16081 and FSP35,FSP35,1000000,2.33,True,SH1154_mixture2.xlsx,lab,2,True,False,JG16081,FSP35,,1.0,1.0,,JG16081+FSP35,
SH1154,rep_6,,FSP35 and FSP53,FSP35,1000000,4.0,True,SH1154_mixture2.xlsx,lab,2,True,False,FSP35,FSP53,,1.0,1.0,,FSP35+FSP53,
SH1154,rep_7,,JG16081,JG16081,1000000,2.33,False,SH1154_mixture2.xlsx,lab,1,False,False,JG16081,,,1.0,,,,JG16081
SH1154,rep_7,,FSP35,FSP35,1000000,2.0,False,SH1154_mixture2.xlsx,lab,1,False,False,FSP35,,,1.0,,,,FSP35
SH1154,rep_7,,FSP53,FSP53,1000000,2.0,False,SH1154_mixture2.xlsx,lab,1,False,False,FSP53,,,1.0,,,,FSP53
SH1154,rep_7,,JG16081 and FSP35,FSP35,1000000,3.0,True,SH1154_mixture2.xlsx,lab,2,True,False,JG16081,FSP35,,1.0,1.0,,JG16081+FSP35,
SH1154,rep_7,,FSP35 and FSP53,FSP35,1000000,2.33,True,SH1154_mixture2.xlsx,lab,2,True,False,FSP35,FSP53,,1.0,1.0,,FSP35+FSP53,
SH1154,rep_8,,JG16081,JG16081,1000000,2.33,False,SH1154_mixture2.xlsx,lab,1,False,False,JG16081,,,1.0,,,,JG16081
SH1154,rep_8,,FSP35,FSP35,1000000,2.67,False,SH1154_mixture2.xlsx,lab,1,False,False,FSP35,,,1.0,,,,FSP35
SH1154,rep_8,,FSP53,FSP53,1000000,1.67,False,SH1154_mixture2.xlsx,lab,1,False,False,FSP53,,,1.0,,,,FSP53
SH1154,rep_8,,JG16081 and FSP35,FSP35,1000000,2.33,True,SH1154_mixture2.xlsx,lab,2,True,False,JG16081,FSP35,,1.0,1.0,,JG16081+FSP35,
SH1154,rep_8,,FSP35 and FSP53,FSP35,1000000,2.0,True,SH1154_mixture2.xlsx,lab,2,True,False,FSP35,FSP53,,1.0,1.0,,FSP35+FSP53,
SH1154,rep_9,,JG16081,JG16081,1000000,2.0,False,SH1154_mixture2.xlsx,lab,1,False,False,JG16081,,,1.0,,,,JG16081
SH1154,rep_9,,FSP35,FSP35,1000000,1.33,False,SH1154_mixture2.xlsx,lab,1,False,False,FSP35,,,1.0,,,,FSP35
SH1154,rep_9,,FSP53,FSP53,1000000,5.0,False,SH1154_mixture2.xlsx,lab,1,False,False,FSP53,,,1.0,,,,FSP53
SH1154,rep_9,,JG16081 and FSP35,FSP35,1000000,1.67,True,SH1154_mixture2.xlsx,lab,2,True,False,JG16081,FSP35,,1.0,1.0,,JG16081+FSP35,
SH1154,rep_9,,FSP35 and FSP53,FSP35,1000000,2.33,True,SH1154_mixture2.xlsx,lab,2,True,False,FSP35,FSP53,,1.0,1.0,,FSP35+FSP53,
BTx623,rep_1,,C. graminicola,C. graminicola,1000000,1.0,False,BTx623_grami.xlsx,lab,1,False,False,C.graminicola,,,1.0,,,,C.graminicola
BTx623,rep_1,,AMP77,AMP77,1000000,3.67,False,BTx623_grami.xlsx,lab,1,False,False,AMP77,,,1.0,,,,AMP77
BTx623,rep_1,,AMP99,AMP99,1000000,2.33,False,BTx623_grami.xlsx,lab,1,False,False,AMP99,,,1.0,,,,AMP99
BTx623,rep_1,,AMP172,AMP172,1000000,1.0,False,BTx623_grami.xlsx,lab,1,False,False,AMP172,,,1.0,,,,AMP172
BTx623,rep_1,,C. graminicola & AMP77,AMP77,1000000,3.33,True,BTx623_grami.xlsx,lab,2,True,False,C.graminicola,AMP77,,1.0,1.0,,C.graminicola+AMP77,
BTx623,rep_1,,C. graminicola & AMP99,AMP99,1000000,2.0,True,BTx623_grami.xlsx,lab,2,True,False,C.graminicola,AMP99,,1.0,1.0,,C.graminicola+AMP99,
BTx623,rep_1,,C. graminicola & AMP172,AMP172,1000000,1.0,True,BTx623_grami.xlsx,lab,2,True,False,C.graminicola,AMP172,,1.0,1.0,,C.graminicola+AMP172,
BTx623,rep_2,,C. graminicola,C. graminicola,1000000,1.0,False,BTx623_grami.xlsx,lab,1,False,False,C.graminicola,,,1.0,,,,C.graminicola
BTx623,rep_2,,AMP77,AMP77,1000000,3.0,False,BTx623_grami.xlsx,lab,1,False,False,AMP77,,,1.0,,,,AMP77
BTx623,rep_2,,AMP99,AMP99,1000000,3.25,False,BTx623_grami.xlsx,lab,1,False,False,AMP99,,,1.0,,,,AMP99
BTx623,rep_2,,AMP172,AMP172,1000000,1.0,False,BTx623_grami.xlsx,lab,1,False,False,AMP172,,,1.0,,,,AMP172
BTx623,rep_2,,C. graminicola & AMP77,AMP77,1000000,1.0,True,BTx623_grami.xlsx,lab,2,True,False,C.graminicola,AMP77,,1.0,1.0,,C.graminicola+AMP77,
BTx623,rep_2,,C. graminicola & AMP99,AMP99,1000000,4.67,True,BTx623_grami.xlsx,lab,2,True,False,C.graminicola,AMP99,,1.0,1.0,,C.graminicola+AMP99,
BTx623,rep_2,,C. graminicola & AMP172,AMP172,1000000,1.0,True,BTx623_grami.xlsx,lab,2,True,False,C.graminicola,AMP172,,1.0,1.0,,C.graminicola+AMP172,
BTx623,rep_3,,C. graminicola,C. graminicola,1000000,1.0,False,BTx623_grami.xlsx,lab,1,False,False,C.graminicola,,,1.0,,,,C.graminicola
BTx623,rep_3,,AMP77,AMP77,1000000,1.0,False,BTx623_grami.xlsx,lab,1,False,False,AMP77,,,1.0,,,,AMP77
BTx623,rep_3,,AMP99,AMP99,1000000,2.67,False,BTx623_grami.xlsx,lab,1,False,False,AMP99,,,1.0,,,,AMP99
BTx623,rep_3,,AMP172,AMP172,1000000,1.0,False,BTx623_grami.xlsx,lab,1,False,False,AMP172,,,1.0,,,,AMP172
BTx623,rep_3,,C. graminicola & AMP77,AMP77,1000000,2.0,True,BTx623_grami.xlsx,lab,2,True,False,C.graminicola,AMP77,,1.0,1.0,,C.graminicola+AMP77,
BTx623,rep_3,,C. graminicola & AMP99,AMP99,1000000,2.33,True,BTx623_grami.xlsx,lab,2,True,False,C.graminicola,AMP99,,1.0,1.0,,C.graminicola+AMP99,
BTx623,rep_3,,C. graminicola & AMP172,AMP172,1000000,1.0,True,BTx623_grami.xlsx,lab,2,True,False,C.graminicola,AMP172,,1.0,1.0,,C.graminicola+AMP172,
BTx623,rep_4,,C. graminicola,C. graminicola,1000000,1.0,False,BTx623_grami.xlsx,lab,1,False,False,C.graminicola,,,1.0,,,,C.graminicola
BTx623,rep_4,,AMP77,AMP77,1000000,3.0,False,BTx623_grami.xlsx,lab,1,False,False,AMP77,,,1.0,,,,AMP77
BTx623,rep_4,,AMP99,AMP99,1000000,2.33,False,BTx623_grami.xlsx,lab,1,False,False,AMP99,,,1.0,,,,AMP99
BTx623,rep_4,,AMP172,AMP172,1000000,1.0,False,BTx623_grami.xlsx,lab,1,False,False,AMP172,,,1.0,,,,AMP172
BTx623,rep_4,,C. graminicola & AMP77,AMP77,1000000,1.0,True,BTx623_grami.xlsx,lab,2,True,False,C.graminicola,AMP77,,1.0,1.0,,C.graminicola+AMP77,
BTx623,rep_4,,C. graminicola & AMP99,AMP99,1000000,4.0,True,BTx623_grami.xlsx,lab,2,True,False,C.graminicola,AMP99,,1.0,1.0,,C.graminicola+AMP99,
BTx623,rep_4,,C. graminicola & AMP172,AMP172,1000000,1.0,True,BTx623_grami.xlsx,lab,2,True,False,C.graminicola,AMP172,,1.0,1.0,,C.graminicola+AMP172,
BTx623,rep_5,,C. graminicola,C. graminicola,1000000,1.0,False,BTx623_grami.xlsx,lab,1,False,False,C.graminicola,,,1.0,,,,C.graminicola
BTx623,rep_5,,AMP77,AMP77,1000000,1.0,False,BTx623_grami.xlsx,lab,1,False,False,AMP77,,,1.0,,,,AMP77
BTx623,rep_5,,AMP99,AMP99,1000000,1.0,False,BTx623_grami.xlsx,lab,1,False,False,AMP99,,,1.0,,,,AMP99
BTx623,rep_5,,AMP172,AMP172,1000000,1.0,False,BTx623_grami.xlsx,lab,1,False,False,AMP172,,,1.0,,,,AMP172
BTx623,rep_5,,C. graminicola & AMP77,AMP77,1000000,1.0,True,BTx623_grami.xlsx,lab,2,True,False,C.graminicola,AMP77,,1.0,1.0,,C.graminicola+AMP77,
BTx623,rep_5,,C. graminicola & AMP99,AMP99,1000000,1.0,True,BTx623_grami.xlsx,lab,2,True,False,C.graminicola,AMP99,,1.0,1.0,,C.graminicola+AMP99,
BTx623,rep_5,,C. graminicola & AMP172,AMP172,1000000,1.0,True,BTx623_grami.xlsx,lab,2,True,False,C.graminicola,AMP172,,1.0,1.0,,C.graminicola+AMP172,
BTx623,rep_6,,C. graminicola,C. graminicola,1000000,1.0,False,BTx623_grami.xlsx,lab,1,False,False,C.graminicola,,,1.0,,,,C.graminicola
BTx623,rep_6,,AMP77,AMP77,1000000,4.67,False,BTx623_grami.xlsx,lab,1,False,False,AMP77,,,1.0,,,,AMP77
BTx623,rep_6,,AMP99,AMP99,1000000,3.67,False,BTx623_grami.xlsx,lab,1,False,False,AMP99,,,1.0,,,,AMP99
BTx623,rep_6,,AMP172,AMP172,1000000,1.33,False,BTx623_grami.xlsx,lab,1,False,False,AMP172,,,1.0,,,,AMP172
BTx623,rep_6,,C. graminicola & AMP77,AMP77,1000000,4.0,True,BTx623_grami.xlsx,lab,2,True,False,C.graminicola,AMP77,,1.0,1.0,,C.graminicola+AMP77,
BTx623,rep_6,,C. graminicola & AMP99,AMP99,1000000,2.33,True,BTx623_grami.xlsx,lab,2,True,False,C.graminicola,AMP99,,1.0,1.0,,C.graminicola+AMP99,
BTx623,rep_6,,C. graminicola & AMP172,AMP172,1000000,2.33,True,BTx623_grami.xlsx,lab,2,True,False,C.graminicola,AMP172,,1.0,1.0,,C.graminicola+AMP172,
BTx623,rep_7,,C. graminicola,C. graminicola,1000000,1.0,False,BTx623_grami.xlsx,lab,1,False,False,C.graminicola,,,1.0,,,,C.graminicola
BTx623,rep_7,,AMP77,AMP77,1000000,4.67,False,BTx623_grami.xlsx,lab,1,False,False,AMP77,,,1.0,,,,AMP77
BTx623,rep_7,,AMP99,AMP99,1000000,4.0,False,BTx623_grami.xlsx,lab,1,False,False,AMP99,,,1.0,,,,AMP99
BTx623,rep_7,,AMP172,AMP172,1000000,4.67,False,BTx623_grami.xlsx,lab,1,False,False,AMP172,,,1.0,,,,AMP172
BTx623,rep_7,,C. graminicola & AMP77,AMP77,1000000,5.0,True,BTx623_grami.xlsx,lab,2,True,False,C.graminicola,AMP77,,1.0,1.0,,C.graminicola+AMP77,
BTx623,rep_7,,C. graminicola & AMP99,AMP99,1000000,3.0,True,BTx623_grami.xlsx,lab,2,True,False,C.graminicola,AMP99,,1.0,1.0,,C.graminicola+AMP99,
BTx623,rep_7,,C. graminicola & AMP172,AMP172,1000000,2.33,True,BTx623_grami.xlsx,lab,2,True,False,C.graminicola,AMP172,,1.0,1.0,,C.graminicola+AMP172,
BTx623,,,C. graminicola,C. graminicola,1000000,1.0,False,BTx623_grami2.xlsx,lab,1,False,False,C.graminicola,,,1.0,,,,C.graminicola
BTx623,,,C. graminicola,C. graminicola,1000000,1.0,False,BTx623_grami2.xlsx,lab,1,False,False,C.graminicola,,,1.0,,,,C.graminicola
BTx623,,,C. graminicola,C. graminicola,1000000,1.0,False,BTx623_grami2.xlsx,lab,1,False,False,C.graminicola,,,1.0,,,,C.graminicola
BTx623,,,C. graminicola,C. graminicola,1000000,1.0,False,BTx623_grami2.xlsx,lab,1,False,False,C.graminicola,,,1.0,,,,C.graminicola
BTx623,,,C. graminicola,C. graminicola,1000000,1.0,False,BTx623_grami2.xlsx,lab,1,False,False,C.graminicola,,,1.0,,,,C.graminicola
BTx623,,,C. graminicola,C. graminicola,1000000,1.0,False,BTx623_grami2.xlsx,lab,1,False,False,C.graminicola,,,1.0,,,,C.graminicola
BTx623,,,C. graminicola,C. graminicola,1000000,1.0,False,BTx623_grami2.xlsx,lab,1,False,False,C.graminicola,,,1.0,,,,C.graminicola
BTx623,,,AMP77,AMP77,1000000,3.67,False,BTx623_grami2.xlsx,lab,1,False,False,AMP77,,,1.0,,,,AMP77
BTx623,,,AMP77,AMP77,1000000,3.0,False,BTx623_grami2.xlsx,lab,1,False,False,AMP77,,,1.0,,,,AMP77
BTx623,,,AMP77,AMP77,1000000,1.0,False,BTx623_grami2.xlsx,lab,1,False,False,AMP77,,,1.0,,,,AMP77
BTx623,,,AMP77,AMP77,1000000,3.0,False,BTx623_grami2.xlsx,lab,1,False,False,AMP77,,,1.0,,,,AMP77
BTx623,,,AMP77,AMP77,1000000,1.0,False,BTx623_grami2.xlsx,lab,1,False,False,AMP77,,,1.0,,,,AMP77
BTx623,,,AMP77,AMP77,1000000,4.67,False,BTx623_grami2.xlsx,lab,1,False,False,AMP77,,,1.0,,,,AMP77
BTx623,,,AMP77,AMP77,1000000,4.67,False,BTx623_grami2.xlsx,lab,1,False,False,AMP77,,,1.0,,,,AMP77
BTx623,,,AMP99,AMP99,1000000,2.33,False,BTx623_grami2.xlsx,lab,1,False,False,AMP99,,,1.0,,,,AMP99
BTx623,,,AMP99,AMP99,1000000,3.25,False,BTx623_grami2.xlsx,lab,1,False,False,AMP99,,,1.0,,,,AMP99
BTx623,,,AMP99,AMP99,1000000,2.67,False,BTx623_grami2.xlsx,lab,1,False,False,AMP99,,,1.0,,,,AMP99
BTx623,,,AMP99,AMP99,1000000,2.33,False,BTx623_grami2.xlsx,lab,1,False,False,AMP99,,,1.0,,,,AMP99
BTx623,,,AMP99,AMP99,1000000,1.0,False,BTx623_grami2.xlsx,lab,1,False,False,AMP99,,,1.0,,,,AMP99
BTx623,,,AMP99,AMP99,1000000,3.67,False,BTx623_grami2.xlsx,lab,1,False,False,AMP99,,,1.0,,,,AMP99
BTx623,,,AMP99,AMP99,1000000,4.0,False,BTx623_grami2.xlsx,lab,1,False,False,AMP99,,,1.0,,,,AMP99
BTx623,,,AMP172,AMP172,1000000,1.0,False,BTx623_grami2.xlsx,lab,1,False,False,AMP172,,,1.0,,,,AMP172
BTx623,,,AMP172,AMP172,1000000,1.0,False,BTx623_grami2.xlsx,lab,1,False,False,AMP172,,,1.0,,,,AMP172
BTx623,,,AMP172,AMP172,1000000,1.0,False,BTx623_grami2.xlsx,lab,1,False,False,AMP172,,,1.0,,,,AMP172
BTx623,,,AMP172,AMP172,1000000,1.0,False,BTx623_grami2.xlsx,lab,1,False,False,AMP172,,,1.0,,,,AMP172
BTx623,,,AMP172,AMP172,1000000,1.0,False,BTx623_grami2.xlsx,lab,1,False,False,AMP172,,,1.0,,,,AMP172
BTx623,,,AMP172,AMP172,1000000,1.33,False,BTx623_grami2.xlsx,lab,1,False,False,AMP172,,,1.0,,,,AMP172
BTx623,,,AMP172,AMP172,1000000,4.67,False,BTx623_grami2.xlsx,lab,1,False,False,AMP172,,,1.0,,,,AMP172
BTx623,,,C. graminicola & AMP77,AMP77,1000000,3.33,True,BTx623_grami2.xlsx,lab,2,True,False,C.graminicola,AMP77,,1.0,1.0,,C.graminicola+AMP77,
BTx623,,,C. graminicola & AMP77,AMP77,1000000,1.0,True,BTx623_grami2.xlsx,lab,2,True,False,C.graminicola,AMP77,,1.0,1.0,,C.graminicola+AMP77,
BTx623,,,C. graminicola & AMP77,AMP77,1000000,2.0,True,BTx623_grami2.xlsx,lab,2,True,False,C.graminicola,AMP77,,1.0,1.0,,C.graminicola+AMP77,
BTx623,,,C. graminicola & AMP77,AMP77,1000000,1.0,True,BTx623_grami2.xlsx,lab,2,True,False,C.graminicola,AMP77,,1.0,1.0,,C.graminicola+AMP77,
BTx623,,,C. graminicola & AMP77,AMP77,1000000,1.0,True,BTx623_grami2.xlsx,lab,2,True,False,C.graminicola,AMP77,,1.0,1.0,,C.graminicola+AMP77,
BTx623,,,C. graminicola & AMP77,AMP77,1000000,4.0,True,BTx623_grami2.xlsx,lab,2,True,False,C.graminicola,AMP77,,1.0,1.0,,C.graminicola+AMP77,
BTx623,,,C. graminicola & AMP77,AMP77,1000000,5.0,True,BTx623_grami2.xlsx,lab,2,True,False,C.graminicola,AMP77,,1.0,1.0,,C.graminicola+AMP77,
BTx623,,,C. graminicola & AMP99,AMP99,1000000,2.0,True,BTx623_grami2.xlsx,lab,2,True,False,C.graminicola,AMP99,,1.0,1.0,,C.graminicola+AMP99,
BTx623,,,C. graminicola & AMP99,AMP99,1000000,4.67,True,BTx623_grami2.xlsx,lab,2,True,False,C.graminicola,AMP99,,1.0,1.0,,C.graminicola+AMP99,
BTx623,,,C. graminicola & AMP99,AMP99,1000000,2.33,True,BTx623_grami2.xlsx,lab,2,True,False,C.graminicola,AMP99,,1.0,1.0,,C.graminicola+AMP99,
BTx623,,,C. graminicola & AMP99,AMP99,1000000,4.0,True,BTx623_grami2.xlsx,lab,2,True,False,C.graminicola,AMP99,,1.0,1.0,,C.graminicola+AMP99,
BTx623,,,C. graminicola & AMP99,AMP99,1000000,1.0,True,BTx623_grami2.xlsx,lab,2,True,False,C.graminicola,AMP99,,1.0,1.0,,C.graminicola+AMP99,
BTx623,,,C. graminicola & AMP99,AMP99,1000000,2.33,True,BTx623_grami2.xlsx,lab,2,True,False,C.graminicola,AMP99,,1.0,1.0,,C.graminicola+AMP99,
BTx623,,,C. graminicola & AMP99,AMP99,1000000,3.0,True,BTx623_grami2.xlsx,lab,2,True,False,C.graminicola,AMP99,,1.0,1.0,,C.graminicola+AMP99,
BTx623,,,C. graminicola & AMP172,AMP172,1000000,1.0,True,BTx623_grami2.xlsx,lab,2,True,False,C.graminicola,AMP172,,1.0,1.0,,C.graminicola+AMP172,
BTx623,,,C. graminicola & AMP172,AMP172,1000000,1.0,True,BTx623_grami2.xlsx,lab,2,True,False,C.graminicola,AMP172,,1.0,1.0,,C.graminicola+AMP172,
BTx623,,,C. graminicola & AMP172,AMP172,1000000,1.0,True,BTx623_grami2.xlsx,lab,2,True,False,C.graminicola,AMP172,,1.0,1.0,,C.graminicola+AMP172,
BTx623,,,C. graminicola & AMP172,AMP172,1000000,1.0,True,BTx623_grami2.xlsx,lab,2,True,False,C.graminicola,AMP172,,1.0,1.0,,C.graminicola+AMP172,
BTx623,,,C. graminicola & AMP172,AMP172,1000000,1.0,True,BTx623_grami2.xlsx,lab,2,True,False,C.graminicola,AMP172,,1.0,1.0,,C.graminicola+AMP172,
BTx623,,,C. graminicola & AMP172,AMP172,1000000,2.33,True,BTx623_grami2.xlsx,lab,2,True,False,C.graminicola,AMP172,,1.0,1.0,,C.graminicola+AMP172,
BTx623,,,C. graminicola & AMP172,AMP172,1000000,2.33,True,BTx623_grami2.xlsx,lab,2,True,False,C.graminicola,AMP172,,1.0,1.0,,C.graminicola+AMP172,
BTx398,rep_1,,AMP99,AMP99,1000000,1.0,False,AMP_for_sorghum_btx398.xlsx,lab,1,False,False,AMP99,,,1.0,,,,AMP99
BTx398,rep_1,,AMP155,AMP155,1000000,1.67,False,AMP_for_sorghum_btx398.xlsx,lab,1,False,False,AMP155,,,1.0,,,,AMP155
BTx398,rep_1,,AMP170,AMP170,1000000,3.33,False,AMP_for_sorghum_btx398.xlsx,lab,1,False,False,AMP170,,,1.0,,,,AMP170
BTx398,rep_1,,AMP99&AMP170,Mixture,1000000,2.0,True,AMP_for_sorghum_btx398.xlsx,lab,2,True,False,AMP99,AMP170,,1.0,1.0,,AMP99+AMP170,
BTx398,rep_1,,AMP155&AMP170,Mixture,1000000,1.0,True,AMP_for_sorghum_btx398.xlsx,lab,2,True,False,AMP155,AMP170,,1.0,1.0,,AMP155+AMP170,
BTx398,rep_1,,AMP99&AMP155&AMP170,Mixture,1000000,3.33,True,AMP_for_sorghum_btx398.xlsx,lab,3,True,False,AMP99,AMP155,AMP170,1.0,1.0,1.0,AMP99+AMP155+AMP170,
BTx398,rep_2,,AMP99,AMP99,1000000,2.33,False,AMP_for_sorghum_btx398.xlsx,lab,1,False,False,AMP99,,,1.0,,,,AMP99
BTx398,rep_2,,AMP155,AMP155,1000000,1.67,False,AMP_for_sorghum_btx398.xlsx,lab,1,False,False,AMP155,,,1.0,,,,AMP155
BTx398,rep_2,,AMP170,AMP170,1000000,3.0,False,AMP_for_sorghum_btx398.xlsx,lab,1,False,False,AMP170,,,1.0,,,,AMP170
BTx398,rep_2,,AMP99&AMP170,Mixture,1000000,2.0,True,AMP_for_sorghum_btx398.xlsx,lab,2,True,False,AMP99,AMP170,,1.0,1.0,,AMP99+AMP170,
BTx398,rep_2,,AMP155&AMP170,Mixture,1000000,1.0,True,AMP_for_sorghum_btx398.xlsx,lab,2,True,False,AMP155,AMP170,,1.0,1.0,,AMP155+AMP170,
BTx398,rep_2,,AMP155&AMP170,Mixture,1000000,2.33,True,AMP_for_sorghum_btx398.xlsx,lab,2,True,False,AMP155,AMP170,,1.0,1.0,,AMP155+AMP170,
BTx398,rep_3,,AMP99,AMP99,1000000,3.0,False,AMP_for_sorghum_btx398.xlsx,lab,1,False,False,AMP99,,,1.0,,,,AMP99
BTx398,rep_3,,AMP155,AMP155,1000000,2.0,False,AMP_for_sorghum_btx398.xlsx,lab,1,False,False,AMP155,,,1.0,,,,AMP155
BTx398,rep_3,,AMP170,AMP170,1000000,3.33,False,AMP_for_sorghum_btx398.xlsx,lab,1,False,False,AMP170,,,1.0,,,,AMP170
BTx398,rep_3,,AMP99&AMP170,Mixture,1000000,5.0,True,AMP_for_sorghum_btx398.xlsx,lab,2,True,False,AMP99,AMP170,,1.0,1.0,,AMP99+AMP170,
BTx398,rep_3,,AMP155&AMP170,Mixture,1000000,4.33,True,AMP_for_sorghum_btx398.xlsx,lab,2,True,False,AMP155,AMP170,,1.0,1.0,,AMP155+AMP170,
BTx398,rep_3,,AMP99&AMP155&AMP170,Mixture,1000000,4.0,True,AMP_for_sorghum_btx398.xlsx,lab,3,True,False,AMP99,AMP155,AMP170,1.0,1.0,1.0,AMP99+AMP155+AMP170,
BTx398,rep_4,,AMP99,AMP99,1000000,1.0,False,AMP_for_sorghum_btx398.xlsx,lab,1,False,False,AMP99,,,1.0,,,,AMP99
BTx398,rep_4,,AMP155,AMP155,1000000,1.67,False,AMP_for_sorghum_btx398.xlsx,lab,1,False,False,AMP155,,,1.0,,,,AMP155
BTx398,rep_4,,AMP170,AMP170,1000000,2.33,False,AMP_for_sorghum_btx398.xlsx,lab,1,False,False,AMP170,,,1.0,,,,AMP170
BTx398,rep_4,,AMP99&AMP170,Mixture,1000000,1.0,True,AMP_for_sorghum_btx398.xlsx,lab,2,True,False,AMP99,AMP170,,1.0,1.0,,AMP99+AMP170,
BTx398,rep_4,,AMP155&AMP170,Mixture,1000000,1.0,True,AMP_for_sorghum_btx398.xlsx,lab,2,True,False,AMP155,AMP170,,1.0,1.0,,AMP155+AMP170,
BTx398,rep_4,,AMP99&AMP155&AMP170,Mixture,1000000,1.67,True,AMP_for_sorghum_btx398.xlsx,lab,3,True,False,AMP99,AMP155,AMP170,1.0,1.0,1.0,AMP99+AMP155+AMP170,
BTx398,rep_5,,AMP99,AMP99,1000000,1.67,False,AMP_for_sorghum_btx398.xlsx,lab,1,False,False,AMP99,,,1.0,,,,AMP99
BTx398,rep_5,,AMP155,AMP155,1000000,1.33,False,AMP_for_sorghum_btx398.xlsx,lab,1,False,False,AMP155,,,1.0,,,,AMP155
BTx398,rep_5,,AMP170,AMP170,1000000,3.33,False,AMP_for_sorghum_btx398.xlsx,lab,1,False,False,AMP170,,,1.0,,,,AMP170
BTx398,rep_5,,AMP99&AMP170,Mixture,1000000,1.67,True,AMP_for_sorghum_btx398.xlsx,lab,2,True,False,AMP99,AMP170,,1.0,1.0,,AMP99+AMP170,
BTx398,rep_5,,AMP155&AMP170,Mixture,1000000,1.67,True,AMP_for_sorghum_btx398.xlsx,lab,2,True,False,AMP155,AMP170,,1.0,1.0,,AMP155+AMP170,
BTx398,rep_5,,AMP99&AMP155&AMP170,Mixture,1000000,4.67,True,AMP_for_sorghum_btx398.xlsx,lab,3,True,False,AMP99,AMP155,AMP170,1.0,1.0,1.0,AMP99+AMP155+AMP170,
BTx398,rep_6,,AMP99,AMP99,1000000,4.0,False,AMP_for_sorghum_btx398.xlsx,lab,1,False,False,AMP99,,,1.0,,,,AMP99
BTx398,rep_6,,AMP155,AMP155,1000000,4.0,False,AMP_for_sorghum_btx398.xlsx,lab,1,False,False,AMP155,,,1.0,,,,AMP155
BTx398,rep_6,,AMP170,AMP170,1000000,3.33,False,AMP_for_sorghum_btx398.xlsx,lab,1,False,False,AMP170,,,1.0,,,,AMP170
BTx398,rep_6,,AMP99&AMP170,Mixture,1000000,5.0,True,AMP_for_sorghum_btx398.xlsx,lab,2,True,False,AMP99,AMP170,,1.0,1.0,,AMP99+AMP170,
BTx398,rep_6,,AMP155&AMP170,Mixture,1000000,4.0,True,AMP_for_sorghum_btx398.xlsx,lab,2,True,False,AMP155,AMP170,,1.0,1.0,,AMP155+AMP170,
BTx398,rep_6,,AMP99&AMP155&AMP170,Mixture,1000000,5.0,True,AMP_for_sorghum_btx398.xlsx,lab,3,True,False,AMP99,AMP155,AMP170,1.0,1.0,1.0,AMP99+AMP155+AMP170,
BTx398,rep_7,,AMP99,AMP99,1000000,1.0,False,AMP_for_sorghum_btx398.xlsx,lab,1,False,False,AMP99,,,1.0,,,,AMP99
BTx398,rep_7,,AMP155,AMP155,1000000,1.67,False,AMP_for_sorghum_btx398.xlsx,lab,1,False,False,AMP155,,,1.0,,,,AMP155
BTx398,rep_7,,AMP170,AMP170,1000000,3.33,False,AMP_for_sorghum_btx398.xlsx,lab,1,False,False,AMP170,,,1.0,,,,AMP170
BTx398,rep_7,,AMP99&AMP170,Mixture,1000000,4.67,True,AMP_for_sorghum_btx398.xlsx,lab,2,True,False,AMP99,AMP170,,1.0,1.0,,AMP99+AMP170,
BTx398,rep_7,,AMP155&AMP170,Mixture,1000000,2.33,True,AMP_for_sorghum_btx398.xlsx,lab,2,True,False,AMP155,AMP170,,1.0,1.0,,AMP155+AMP170,
BTx398,rep_7,,AMP99&AMP155&AMP170,Mixture,1000000,4.33,True,AMP_for_sorghum_btx398.xlsx,lab,3,True,False,AMP99,AMP155,AMP170,1.0,1.0,1.0,AMP99+AMP155+AMP170,
BTx398,rep_8,,AMP99,AMP99,1000000,3.0,False,AMP_for_sorghum_btx398.xlsx,lab,1,False,False,AMP99,,,1.0,,,,AMP99
BTx398,rep_8,,AMP155,AMP155,1000000,1.33,False,AMP_for_sorghum_btx398.xlsx,lab,1,False,False,AMP155,,,1.0,,,,AMP155
BTx398,rep_8,,AMP170,AMP170,1000000,2.33,False,AMP_for_sorghum_btx398.xlsx,lab,1,False,False,AMP170,,,1.0,,,,AMP170
BTx398,rep_8,,AMP99&AMP170,Mixture,1000000,2.33,True,AMP_for_sorghum_btx398.xlsx,lab,2,True,False,AMP99,AMP170,,1.0,1.0,,AMP99+AMP170,
BTx398,rep_8,,AMP155&AMP170,Mixture,1000000,1.0,True,AMP_for_sorghum_btx398.xlsx,lab,2,True,False,AMP155,AMP170,,1.0,1.0,,AMP155+AMP170,
BTx398,rep_8,,AMP99&AMP155&AMP170,Mixture,1000000,1.0,True,AMP_for_sorghum_btx398.xlsx,lab,3,True,False,AMP99,AMP155,AMP170,1.0,1.0,1.0,AMP99+AMP155+AMP170,
BTx398,rep_9,,AMP99,AMP99,1000000,1.0,False,AMP_for_sorghum_btx398.xlsx,lab,1,False,False,AMP99,,,1.0,,,,AMP99
BTx398,rep_9,,AMP155,AMP155,1000000,1.33,False,AMP_for_sorghum_btx398.xlsx,lab,1,False,False,AMP155,,,1.0,,,,AMP155
BTx398,rep_9,,AMP170,AMP170,1000000,3.67,False,AMP_for_sorghum_btx398.xlsx,lab,1,False,False,AMP170,,,1.0,,,,AMP170
BTx398,rep_9,,AMP99&AMP170,Mixture,1000000,1.67,True,AMP_for_sorghum_btx398.xlsx,lab,2,True,False,AMP99,AMP170,,1.0,1.0,,AMP99+AMP170,
BTx398,rep_9,,AMP155&AMP170,Mixture,1000000,1.0,True,AMP_for_sorghum_btx398.xlsx,lab,2,True,False,AMP155,AMP170,,1.0,1.0,,AMP155+AMP170,
BTx398,rep_9,,AMP99&AMP155&AMP170,Mixture,1000000,1.0,True,AMP_for_sorghum_btx398.xlsx,lab,3,True,False,AMP99,AMP155,AMP170,1.0,1.0,1.0,AMP99+AMP155+AMP170,
RTx2536,rep_1,,AMP 77,AMP77,1000000,1.33,False,AMP_for_sorghum_rtx2.xlsx,lab,1,False,False,AMP77,,,1.0,,,,AMP77
RTx2536,rep_1,,AMP207,AMP207,1000000,5.0,False,AMP_for_sorghum_rtx2.xlsx,lab,1,False,False,AMP207,,,1.0,,,,AMP207
RTx2536,rep_1,,Mixture,Mixture,1000000,2.33,True,AMP_for_sorghum_rtx2.xlsx,lab,2,True,False,AMP77,AMP207,,,,,AMP77+AMP207,
RTx2536,rep_2,,AMP 77,AMP77,1000000,1.33,False,AMP_for_sorghum_rtx2.xlsx,lab,1,False,False,AMP77,,,1.0,,,,AMP77
RTx2536,rep_2,,AMP207,AMP207,1000000,5.0,False,AMP_for_sorghum_rtx2.xlsx,lab,1,False,False,AMP207,,,1.0,,,,AMP207
RTx2536,rep_2,,Mixture,Mixture,1000000,2.33,True,AMP_for_sorghum_rtx2.xlsx,lab,2,True,False,AMP77,AMP207,,,,,AMP77+AMP207,
RTx2536,rep_3,,AMP 77,AMP77,1000000,1.0,False,AMP_for_sorghum_rtx2.xlsx,lab,1,False,False,AMP77,,,1.0,,,,AMP77
RTx2536,rep_3,,AMP207,AMP207,1000000,2.0,False,AMP_for_sorghum_rtx2.xlsx,lab,1,False,False,AMP207,,,1.0,,,,AMP207
RTx2536,rep_3,,Mixture,Mixture,1000000,1.33,True,AMP_for_sorghum_rtx2.xlsx,lab,2,True,False,AMP77,AMP207,,,,,AMP77+AMP207,
RTx2536,rep_4,,AMP 77,AMP77,1000000,1.0,False,AMP_for_sorghum_rtx2.xlsx,lab,1,False,False,AMP77,,,1.0,,,,AMP77
RTx2536,rep_4,,AMP207,AMP207,1000000,3.67,False,AMP_for_sorghum_rtx2.xlsx,lab,1,False,False,AMP207,,,1.0,,,,AMP207
RTx2536,rep_4,,Mixture,Mixture,1000000,1.0,True,AMP_for_sorghum_rtx2.xlsx,lab,2,True,False,AMP77,AMP207,,,,,AMP77+AMP207,
RTx2536,rep_5,,AMP 77,AMP77,1000000,1.33,False,AMP_for_sorghum_rtx2.xlsx,lab,1,False,False,AMP77,,,1.0,,,,AMP77
RTx2536,rep_5,,AMP207,AMP207,1000000,3.67,False,AMP_for_sorghum_rtx2.xlsx,lab,1,False,False,AMP207,,,1.0,,,,AMP207
RTx2536,rep_5,,Mixture,Mixture,1000000,1.0,True,AMP_for_sorghum_rtx2.xlsx,lab,2,True,False,AMP77,AMP207,,,,,AMP77+AMP207,
RTx2536,rep_6,,AMP 77,AMP77,1000000,1.0,False,AMP_for_sorghum_rtx2.xlsx,lab,1,False,False,AMP77,,,1.0,,,,AMP77
RTx2536,rep_6,,AMP207,AMP207,1000000,1.33,False,AMP_for_sorghum_rtx2.xlsx,lab,1,False,False,AMP207,,,1.0,,,,AMP207
RTx2536,rep_6,,Mixture,Mixture,1000000,1.0,True,AMP_for_sorghum_rtx2.xlsx,lab,2,True,False,AMP77,AMP207,,,,,AMP77+AMP207,
RTx2536,rep_7,,AMP 77,AMP77,1000000,1.0,False,AMP_for_sorghum_rtx2.xlsx,lab,1,False,False,AMP77,,,1.0,,,,AMP77
RTx2536,rep_7,,AMP207,AMP207,1000000,1.67,False,AMP_for_sorghum_rtx2.xlsx,lab,1,False,False,AMP207,,,1.0,,,,AMP207
RTx2536,rep_7,,Mixture,Mixture,1000000,1.33,True,AMP_for_sorghum_rtx2.xlsx,lab,2,True,False,AMP77,AMP207,,,,,AMP77+AMP207,
RTx2536,rep_8,,AMP 77,AMP77,1000000,1.0,False,AMP_for_sorghum_rtx2.xlsx,lab,1,False,False,AMP77,,,1.0,,,,AMP77
RTx2536,rep_8,,AMP207,AMP207,1000000,5.0,False,AMP_for_sorghum_rtx2.xlsx,lab,1,False,False,AMP207,,,1.0,,,,AMP207
RTx2536,rep_8,,Mixture,Mixture,1000000,1.33,True,AMP_for_sorghum_rtx2.xlsx,lab,2,True,False,AMP77,AMP207,,,,,AMP77+AMP207,
RTx2536,rep_9,,AMP 77,AMP77,1000000,1.67,False,AMP_for_sorghum_rtx2.xlsx,lab,1,False,False,AMP77,,,1.0,,,,AMP77
RTx2536,rep_9,,AMP207,AMP207,1000000,3.67,False,AMP_for_sorghum_rtx2.xlsx,lab,1,False,False,AMP207,,,1.0,,,,AMP207
RTx2536,rep_9,,Mixture,Mixture,1000000,2.33,True,AMP_for_sorghum_rtx2.xlsx,lab,2,True,False,AMP77,AMP207,,,,,AMP77+AMP207,
Theis,rep_1,,AMP77,AMP77,1000000,5.0,False,AMP_for_sorghum_theis.xlsx,lab,1,False,False,AMP77,,,1.0,,,,AMP77
Theis,rep_1,,AMP170,AMP170,1000000,4.33,False,AMP_for_sorghum_theis.xlsx,lab,1,False,False,AMP170,,,1.0,,,,AMP170
Theis,rep_1,,AMP77&170,AMP77,1000000,5.0,True,AMP_for_sorghum_theis.xlsx,lab,2,True,False,AMP77,AMP170,,1.0,1.0,,AMP77+AMP170,
Theis,rep_2,,AMP77,AMP77,1000000,3.67,False,AMP_for_sorghum_theis.xlsx,lab,1,False,False,AMP77,,,1.0,,,,AMP77
Theis,rep_2,,AMP170,AMP170,1000000,2.67,False,AMP_for_sorghum_theis.xlsx,lab,1,False,False,AMP170,,,1.0,,,,AMP170
Theis,rep_2,,AMP77&170,AMP77,1000000,5.0,True,AMP_for_sorghum_theis.xlsx,lab,2,True,False,AMP77,AMP170,,1.0,1.0,,AMP77+AMP170,
Theis,rep_3,,AMP77,AMP77,1000000,5.0,False,AMP_for_sorghum_theis.xlsx,lab,1,False,False,AMP77,,,1.0,,,,AMP77
Theis,rep_3,,AMP170,AMP170,1000000,4.67,False,AMP_for_sorghum_theis.xlsx,lab,1,False,False,AMP170,,,1.0,,,,AMP170
Theis,rep_3,,AMP77&170,AMP77,1000000,3.67,True,AMP_for_sorghum_theis.xlsx,lab,2,True,False,AMP77,AMP170,,1.0,1.0,,AMP77+AMP170,
Theis,rep_4,,AMP77,AMP77,1000000,5.0,False,AMP_for_sorghum_theis.xlsx,lab,1,False,False,AMP77,,,1.0,,,,AMP77
Theis,rep_4,,AMP170,AMP170,1000000,4.67,False,AMP_for_sorghum_theis.xlsx,lab,1,False,False,AMP170,,,1.0,,,,AMP170
Theis,rep_4,,AMP77&170,AMP77,1000000,5.0,True,AMP_for_sorghum_theis.xlsx,lab,2,True,False,AMP77,AMP170,,1.0,1.0,,AMP77+AMP170,
Theis,rep_5,,AMP77,AMP77,1000000,3.33,False,AMP_for_sorghum_theis.xlsx,lab,1,False,False,AMP77,,,1.0,,,,AMP77
Theis,rep_5,,AMP170,AMP170,1000000,2.33,False,AMP_for_sorghum_theis.xlsx,lab,1,False,False,AMP170,,,1.0,,,,AMP170
Theis,rep_5,,AMP77&170,AMP77,1000000,3.67,True,AMP_for_sorghum_theis.xlsx,lab,2,True,False,AMP77,AMP170,,1.0,1.0,,AMP77+AMP170,
Theis,rep_6,,AMP77,AMP77,1000000,3.33,False,AMP_for_sorghum_theis.xlsx,lab,1,False,False,AMP77,,,1.0,,,,AMP77
Theis,rep_6,,AMP170,AMP170,1000000,1.33,False,AMP_for_sorghum_theis.xlsx,lab,1,False,False,AMP170,,,1.0,,,,AMP170
Theis,rep_6,,AMP77&170,AMP77,1000000,4.0,True,AMP_for_sorghum_theis.xlsx,lab,2,True,False,AMP77,AMP170,,1.0,1.0,,AMP77+AMP170,
Theis,rep_7,,AMP77,AMP77,1000000,5.0,False,AMP_for_sorghum_theis.xlsx,lab,1,False,False,AMP77,,,1.0,,,,AMP77
Theis,rep_7,,AMP170,AMP170,1000000,4.67,False,AMP_for_sorghum_theis.xlsx,lab,1,False,False,AMP170,,,1.0,,,,AMP170
Theis,rep_7,,AMP77&170,AMP77,1000000,3.0,True,AMP_for_sorghum_theis.xlsx,lab,2,True,False,AMP77,AMP170,,1.0,1.0,,AMP77+AMP170,
Theis,rep_8,,AMP77,AMP77,1000000,2.33,False,AMP_for_sorghum_theis.xlsx,lab,1,False,False,AMP77,,,1.0,,,,AMP77
Theis,rep_8,,AMP170,AMP170,1000000,2.33,False,AMP_for_sorghum_theis.xlsx,lab,1,False,False,AMP170,,,1.0,,,,AMP170
Theis,rep_8,,AMP77&170,AMP77,1000000,4.33,True,AMP_for_sorghum_theis.xlsx,lab,2,True,False,AMP77,AMP170,,1.0,1.0,,AMP77+AMP170,
Theis,rep_9,,AMP77,AMP77,1000000,4.33,False,AMP_for_sorghum_theis.xlsx,lab,1,False,False,AMP77,,,1.0,,,,AMP77
Theis,rep_9,,AMP170,AMP170,1000000,3.0,False,AMP_for_sorghum_theis.xlsx,lab,1,False,False,AMP170,,,1.0,,,,AMP170
Theis,rep_9,,AMP77&170,AMP77,1000000,4.33,True,AMP_for_sorghum_theis.xlsx,lab,2,True,False,AMP77,AMP170,,1.0,1.0,,AMP77+AMP170,
BTx398,,,AMP155,AMP155,1000000,2.0,False,BTx398_mixture_GH.xlsx,GH,1,False,False,AMP155,,,1.0,,,,AMP155
BTx398,,,AMP155,AMP155,1000000,2.0,False,BTx398_mixture_GH.xlsx,GH,1,False,False,AMP155,,,1.0,,,,AMP155
BTx398,,,AMP155,AMP155,1000000,2.0,False,BTx398_mixture_GH.xlsx,GH,1,False,False,AMP155,,,1.0,,,,AMP155
BTx398,,,AMP155,AMP155,1000000,2.0,False,BTx398_mixture_GH.xlsx,GH,1,False,False,AMP155,,,1.0,,,,AMP155
BTx398,,,AMP99,AMP99,1000000,2.0,False,BTx398_mixture_GH.xlsx,GH,1,False,False,AMP99,,,1.0,,,,AMP99
BTx398,,,AMP99,AMP99,1000000,2.0,False,BTx398_mixture_GH.xlsx,GH,1,False,False,AMP99,,,1.0,,,,AMP99
BTx398,,,AMP99,AMP99,1000000,2.0,False,BTx398_mixture_GH.xlsx,GH,1,False,False,AMP99,,,1.0,,,,AMP99
BTx398,,,AMP99,AMP99,1000000,2.0,False,BTx398_mixture_GH.xlsx,GH,1,False,False,AMP99,,,1.0,,,,AMP99
BTx398,,,AMP99&AMP170,AMP99,1000000,3.0,True,BTx398_mixture_GH.xlsx,GH,2,True,False,AMP99,AMP170,,1.0,1.0,,AMP99+AMP170,
BTx398,,,AMP99&AMP170,AMP99,1000000,2.0,True,BTx398_mixture_GH.xlsx,GH,2,True,False,AMP99,AMP170,,1.0,1.0,,AMP99+AMP170,
BTx398,,,AMP99&AMP170,AMP99,1000000,2.0,True,BTx398_mixture_GH.xlsx,GH,2,True,False,AMP99,AMP170,,1.0,1.0,,AMP99+AMP170,
BTx398,,,AMP99&AMP170,AMP99,1000000,2.0,True,BTx398_mixture_GH.xlsx,GH,2,True,False,AMP99,AMP170,,1.0,1.0,,AMP99+AMP170,
BTx398,,,AMP170,AMP170,1000000,3.0,False,BTx398_mixture_GH.xlsx,GH,1,False,False,AMP170,,,1.0,,,,AMP170
BTx398,,,AMP170,AMP170,1000000,2.0,False,BTx398_mixture_GH.xlsx,GH,1,False,False,AMP170,,,1.0,,,,AMP170
BTx398,,,AMP170,AMP170,1000000,2.0,False,BTx398_mixture_GH.xlsx,GH,1,False,False,AMP170,,,1.0,,,,AMP170
BTx398,,,AMP170,AMP170,1000000,2.0,False,BTx398_mixture_GH.xlsx,GH,1,False,False,AMP170,,,1.0,,,,AMP170
BTx398,,,AMP155&AMP170,AMP155,1000000,3.0,True,BTx398_mixture_GH.xlsx,GH,2,True,False,AMP155,AMP170,,1.0,1.0,,AMP155+AMP170,
BTx398,,,AMP155&AMP170,AMP155,1000000,2.0,True,BTx398_mixture_GH.xlsx,GH,2,True,False,AMP155,AMP170,,1.0,1.0,,AMP155+AMP170,
BTx398,,,AMP155&AMP170,AMP155,1000000,2.0,True,BTx398_mixture_GH.xlsx,GH,2,True,False,AMP155,AMP170,,1.0,1.0,,AMP155+AMP170,
BTx398,,,AMP155&AMP170,AMP155,1000000,3.0,True,BTx398_mixture_GH.xlsx,GH,2,True,False,AMP155,AMP170,,1.0,1.0,,AMP155+AMP170,
IS18760,,,AMP27,AMP27,1000000,2.0,False,IS18760_Mixture_GH.xlsx,GH,1,False,False,AMP27,,,1.0,,,,AMP27
IS18760,,,AMP27,AMP27,1000000,2.0,False,IS18760_Mixture_GH.xlsx,GH,1,False,False,AMP27,,,1.0,,,,AMP27
IS18760,,,AMP27,AMP27,1000000,2.0,False,IS18760_Mixture_GH.xlsx,GH,1,False,False,AMP27,,,1.0,,,,AMP27
IS18760,,,AMP27,AMP27,1000000,2.0,False,IS18760_Mixture_GH.xlsx,GH,1,False,False,AMP27,,,1.0,,,,AMP27
IS18760,,,AMP20,AMP20,1000000,3.0,False,IS18760_Mixture_GH.xlsx,GH,1,False,False,AMP20,,,1.0,,,,AMP20
IS18760,,,AMP20,AMP20,1000000,3.0,False,IS18760_Mixture_GH.xlsx,GH,1,False,False,AMP20,,,1.0,,,,AMP20
IS18760,,,AMP20,AMP20,1000000,3.0,False,IS18760_Mixture_GH.xlsx,GH,1,False,False,AMP20,,,1.0,,,,AMP20
IS18760,,,AMP20,AMP20,1000000,3.0,False,IS18760_Mixture_GH.xlsx,GH,1,False,False,AMP20,,,1.0,,,,AMP20
IS18760,,,AMP20&AMP27,AMP20,1000000,3.0,True,IS18760_Mixture_GH.xlsx,GH,2,True,False,AMP20,AMP27,,1.0,1.0,,AMP20+AMP27,
IS18760,,,AMP20&AMP27,AMP20,1000000,3.0,True,IS18760_Mixture_GH.xlsx,GH,2,True,False,AMP20,AMP27,,1.0,1.0,,AMP20+AMP27,
IS18760,,,AMP20&AMP27,AMP20,1000000,3.0,True,IS18760_Mixture_GH.xlsx,GH,2,True,False,AMP20,AMP27,,1.0,1.0,,AMP20+AMP27,
IS18760,,,AMP20&AMP27,AMP20,1000000,3.0,True,IS18760_Mixture_GH.xlsx,GH,2,True,False,AMP20,AMP27,,1.0,1.0,,AMP20+AMP27,
RTx2536,,,AMP207,AMP207,1000000,3.0,False,RTx2536_Mixture_GH.xlsx,GH,1,False,False,AMP207,,,1.0,,,,AMP207
RTx2536,,,AMP207,AMP207,1000000,3.0,False,RTx2536_Mixture_GH.xlsx,GH,1,False,False,AMP207,,,1.0,,,,AMP207
RTx2536,,,AMP207,AMP207,1000000,3.0,False,RTx2536_Mixture_GH.xlsx,GH,1,False,False,AMP207,,,1.0,,,,AMP207
RTx2536,,,AMP207,AMP207,1000000,3.0,False,RTx2536_Mixture_GH.xlsx,GH,1,False,False,AMP207,,,1.0,,,,AMP207
RTx2536,,,AMP77,AMP77,1000000,2.0,False,RTx2536_Mixture_GH.xlsx,GH,1,False,False,AMP77,,,1.0,,,,AMP77
RTx2536,,,AMP77,AMP77,1000000,2.0,False,RTx2536_Mixture_GH.xlsx,GH,1,False,False,AMP77,,,1.0,,,,AMP77
RTx2536,,,AMP77,AMP77,1000000,2.0,False,RTx2536_Mixture_GH.xlsx,GH,1,False,False,AMP77,,,1.0,,,,AMP77
RTx2536,,,AMP77,AMP77,1000000,2.0,False,RTx2536_Mixture_GH.xlsx,GH,1,False,False,AMP77,,,1.0,,,,AMP77
RTx2536,,,AMP20,AMP20,1000000,3.0,False,RTx2536_Mixture_GH.xlsx,GH,1,False,False,AMP20,,,1.0,,,,AMP20
RTx2536,,,AMP20,AMP20,1000000,3.0,False,RTx2536_Mixture_GH.xlsx,GH,1,False,False,AMP20,,,1.0,,,,AMP20
RTx2536,,,AMP20,AMP20,1000000,3.0,False,RTx2536_Mixture_GH.xlsx,GH,1,False,False,AMP20,,,1.0,,,,AMP20
RTx2536,,,AMP20,AMP20,1000000,3.0,False,RTx2536_Mixture_GH.xlsx,GH,1,False,False,AMP20,,,1.0,,,,AMP20
RTx2536,,,AMP77&AMP207,AMP77,1000000,2.0,True,RTx2536_Mixture_GH.xlsx,GH,2,True,False,AMP77,AMP207,,1.0,1.0,,AMP77+AMP207,
RTx2536,,,AMP77&AMP207,AMP77,1000000,2.0,True,RTx2536_Mixture_GH.xlsx,GH,2,True,False,AMP77,AMP207,,1.0,1.0,,AMP77+AMP207,
RTx2536,,,AMP77&AMP207,AMP77,1000000,2.0,True,RTx2536_Mixture_GH.xlsx,GH,2,True,False,AMP77,AMP207,,1.0,1.0,,AMP77+AMP207,
RTx2536,,,AMP77&AMP207,AMP77,1000000,2.0,True,RTx2536_Mixture_GH.xlsx,GH,2,True,False,AMP77,AMP207,,1.0,1.0,,AMP77+AMP207,
RTx2536,,,AMP27,AMP27,1000000,2.0,False,RTx2536_Mixture_GH.xlsx,GH,1,False,False,AMP27,,,1.0,,,,AMP27
RTx2536,,,AMP27,AMP27,1000000,2.0,False,RTx2536_Mixture_GH.xlsx,GH,1,False,False,AMP27,,,1.0,,,,AMP27
RTx2536,,,AMP27,AMP27,1000000,2.0,False,RTx2536_Mixture_GH.xlsx,GH,1,False,False,AMP27,,,1.0,,,,AMP27
RTx2536,,,AMP27,AMP27,1000000,2.0,False,RTx2536_Mixture_GH.xlsx,GH,1,False,False,AMP27,,,1.0,,,,AMP27
RTx2536,,,AMP20&AMP27,AMP20,1000000,2.0,True,RTx2536_Mixture_GH.xlsx,GH,2,True,False,AMP20,AMP27,,1.0,1.0,,AMP20+AMP27,
RTx2536,,,AMP20&AMP27,AMP20,1000000,2.0,True,RTx2536_Mixture_GH.xlsx,GH,2,True,False,AMP20,AMP27,,1.0,1.0,,AMP20+AMP27,
RTx2536,,,AMP20&AMP27,AMP20,1000000,2.0,True,RTx2536_Mixture_GH.xlsx,GH,2,True,False,AMP20,AMP27,,1.0,1.0,,AMP20+AMP27,
RTx2536,,,AMP20&AMP27,AMP20,1000000,2.0,True,RTx2536_Mixture_GH.xlsx,GH,2,True,False,AMP20,AMP27,,1.0,1.0,,AMP20+AMP27,
